Diseases,PM2.5,PM10,Score
"Minimal: Not harmful to the health, closest to clean air.",18,40,1
"Minimal: Not harmful to the health, closest to clean air.",18,40,1
"Minimal: Not harmful to the health, closest to clean air.",24,78,1
"Minimal: Not harmful to the health, closest to clean air.",25,51,1
"Minimal: Not harmful to the health, closest to clean air.",25,51,1
People already with respiratory problems / Lung diseases like asthma and old people should avoid outdoor exertion without proper mask. Not harmful to general public.,28,206,2
"Minimal: Not harmful to the health, closest to clean air.",28,51,1
"Minimal: Not harmful to the health, closest to clean air.",29,36.33,1
"Minimal: Not harmful to the health, closest to clean air.",30,141,1
"Minimal: Not harmful to the health, closest to clean air.",33,79.92,1
"Minimal: Not harmful to the health, closest to clean air.",34,100.58,1
"Minimal: Not harmful to the health, closest to clean air.",36,64.83,1
"Minimal: Not harmful to the health, closest to clean air.",36,35.08,1
"Minimal: Not harmful to the health, closest to clean air.",36,64.83,1
People already with respiratory problems / Lung diseases like asthma and old people should avoid outdoor exertion without proper mask. Not harmful to general public.,39,202.08,2
"Minimal: Not harmful to the health, closest to clean air.",39,155.25,1
"Minimal: Not harmful to the health, closest to clean air.",39,108.33,1
"Minimal: Not harmful to the health, closest to clean air.",39,59,1
"Minimal: Not harmful to the health, closest to clean air.",40,110.92,1
"Minimal: Not harmful to the health, closest to clean air.",40,60.5,1
"Minimal: Not harmful to the health, closest to clean air.",40.42,37.67,1
"Minimal: Not harmful to the health, closest to clean air.",41,55,1
"Minimal: Not harmful to the health, closest to clean air.",41,74.92,1
"Minimal: Not harmful to the health, closest to clean air.",41,47,1
"Minimal: Not harmful to the health, closest to clean air.",41,41,1
"Minimal: Not harmful to the health, closest to clean air.",41,35,1
"Minimal: Not harmful to the health, closest to clean air.",41,80.75,1
"Minimal: Not harmful to the health, closest to clean air.",41,74.92,1
People already with respiratory problems / Lung diseases like asthma and old people should avoid outdoor exertion without proper mask. Not harmful to general public.,42,186,2
"Minimal: Not harmful to the health, closest to clean air.",42,79,1
"Minimal: Not harmful to the health, closest to clean air.",42,116.42,1
"Minimal: Not harmful to the health, closest to clean air.",42,42.83,1
"Minimal: Not harmful to the health, closest to clean air.",42,122.42,1
"Minimal: Not harmful to the health, closest to clean air.",43,56.67,1
"Minimal: Not harmful to the health, closest to clean air.",44,107,1
"Minimal: Not harmful to the health, closest to clean air.",45,184,1
People already with respiratory problems / Lung diseases like asthma and old people should avoid outdoor exertion without proper mask. Not harmful to general public.,45,313.67,2
"Minimal: Not harmful to the health, closest to clean air.",45,37.75,1
"Minimal: Not harmful to the health, closest to clean air.",45,132.25,1
"Minimal: Not harmful to the health, closest to clean air.",45,152.92,1
"Minimal: Not harmful to the health, closest to clean air.",45,77.17,1
"Minimal: Not harmful to the health, closest to clean air.",46,149,1
"Minimal: Not harmful to the health, closest to clean air.",46,151,1
"Minimal: Not harmful to the health, closest to clean air.",46,108.5,1
"Minimal: Not harmful to the health, closest to clean air.",46,34.67,1
"Minimal: Not harmful to the health, closest to clean air.",46,52.83,1
"Minimal: Not harmful to the health, closest to clean air.",46,63.5,1
"Minimal: Not harmful to the health, closest to clean air.",46,73.17,1
"Minimal: Not harmful to the health, closest to clean air.",46,108.5,1
"Minimal: Not harmful to the health, closest to clean air.",46,81.58,1
"Minimal: Not harmful to the health, closest to clean air.",46,83.75,1
"Minimal: Not harmful to the health, closest to clean air.",46,79.5,1
"Minimal: Not harmful to the health, closest to clean air.",47,173,1
"Minimal: Not harmful to the health, closest to clean air.",47,109.58,1
"Minimal: Not harmful to the health, closest to clean air.",47,71.83,1
"Minimal: Not harmful to the health, closest to clean air.",47,75.17,1
People already with respiratory problems / Lung diseases like asthma and old people should avoid outdoor exertion without proper mask. Not harmful to general public.,48,204,2
People already with respiratory problems / Lung diseases like asthma and old people should avoid outdoor exertion without proper mask. Not harmful to general public.,48,197,2
"Minimal: Not harmful to the health, closest to clean air.",48,76.83,1
"Minimal: Not harmful to the health, closest to clean air.",48,79.17,1
"Minimal: Not harmful to the health, closest to clean air.",48,76.83,1
"Minimal: Not harmful to the health, closest to clean air.",48,64.33,1
"Minimal: Not harmful to the health, closest to clean air.",48,79.75,1
"Minimal: Not harmful to the health, closest to clean air.",48,84.08,1
"Minimal: Not harmful to the health, closest to clean air.",50,64.5,1
"Minimal: Not harmful to the health, closest to clean air.",50,106.92,1
"Minimal: Not harmful to the health, closest to clean air.",50,95.83,1
"Minimal: Not harmful to the health, closest to clean air.",50,125.58,1
"Minimal: Not harmful to the health, closest to clean air.",50,65.75,1
"Minimal: Not harmful to the health, closest to clean air.",50,103.58,1
"Minimal: Not harmful to the health, closest to clean air.",50,62.08,1
"Minimal: Not harmful to the health, closest to clean air.",51,49.25,1
"Minimal: Not harmful to the health, closest to clean air.",51,71.08,1
"Minimal: Not harmful to the health, closest to clean air.",51,62.67,1
"Minimal: Not harmful to the health, closest to clean air.",51,69.33,1
"Minimal: Not harmful to the health, closest to clean air.",51,81.25,1
"Minimal: Not harmful to the health, closest to clean air.",51,87.42,1
"Minimal: Not harmful to the health, closest to clean air.",52,91.33,1
"Minimal: Not harmful to the health, closest to clean air.",53,105.92,1
"Minimal: Not harmful to the health, closest to clean air.",53,70,1
"Minimal: Not harmful to the health, closest to clean air.",53,64.17,1
"Minimal: Not harmful to the health, closest to clean air.",55,147.67,1
"Minimal: Not harmful to the health, closest to clean air.",55,169.67,1
"Minimal: Not harmful to the health, closest to clean air.",57,86.67,1
"Minimal: Not harmful to the health, closest to clean air.",59,123.33,1
"Minimal: Not harmful to the health, closest to clean air.",58,154.67,1
People already with respiratory problems / Lung diseases like asthma and old people should avoid outdoor exertion without proper mask. Not harmful to general public.,44,176.58,2
"Minimal: Not harmful to the health, closest to clean air.",61,140.58,1
"Minimal: Not harmful to the health, closest to clean air.",31,152,1
People already with respiratory problems / Lung diseases like asthma and old people should avoid outdoor exertion without proper mask. Not harmful to general public.,49,269.67,2
People already with respiratory problems / Lung diseases like asthma and old people should avoid outdoor exertion without proper mask. Not harmful to general public.,68,167,2
People already with respiratory problems / Lung diseases like asthma and old people should avoid outdoor exertion without proper mask. Not harmful to general public.,169,79,2
People already with respiratory problems / Lung diseases like asthma and old people should avoid outdoor exertion without proper mask. Not harmful to general public.,73,152,2
People already with respiratory problems / Lung diseases like asthma and old people should avoid outdoor exertion without proper mask. Not harmful to general public.,58,193,2
People already with respiratory problems / Lung diseases like asthma and old people should avoid outdoor exertion without proper mask. Not harmful to general public.,55,191,2
People already with respiratory problems / Lung diseases like asthma and old people should avoid outdoor exertion without proper mask. Not harmful to general public.,56,168,2
People already with respiratory problems / Lung diseases like asthma and old people should avoid outdoor exertion without proper mask. Not harmful to general public.,62,196,2
People already with respiratory problems / Lung diseases like asthma and old people should avoid outdoor exertion without proper mask. Not harmful to general public.,56,216,2
People already with respiratory problems / Lung diseases like asthma and old people should avoid outdoor exertion without proper mask. Not harmful to general public.,55,210,2
People already with respiratory problems / Lung diseases like asthma and old people should avoid outdoor exertion without proper mask. Not harmful to general public.,56,218,2
People already with respiratory problems / Lung diseases like asthma and old people should avoid outdoor exertion without proper mask. Not harmful to general public.,78,177.42,2
People already with respiratory problems / Lung diseases like asthma and old people should avoid outdoor exertion without proper mask. Not harmful to general public.,75,158.67,2
People already with respiratory problems / Lung diseases like asthma and old people should avoid outdoor exertion without proper mask. Not harmful to general public.,66,130.42,2
People already with respiratory problems / Lung diseases like asthma and old people should avoid outdoor exertion without proper mask. Not harmful to general public.,70,161.5,2
People already with respiratory problems / Lung diseases like asthma and old people should avoid outdoor exertion without proper mask. Not harmful to general public.,51,113,2
People already with respiratory problems / Lung diseases like asthma and old people should avoid outdoor exertion without proper mask. Not harmful to general public.,59,180.25,2
People already with respiratory problems / Lung diseases like asthma and old people should avoid outdoor exertion without proper mask. Not harmful to general public.,62,198.5,2
People already with respiratory problems / Lung diseases like asthma and old people should avoid outdoor exertion without proper mask. Not harmful to general public.,50,103.58,2
People already with respiratory problems / Lung diseases like asthma and old people should avoid outdoor exertion without proper mask. Not harmful to general public.,61,114.92,2
People already with respiratory problems / Lung diseases like asthma and old people should avoid outdoor exertion without proper mask. Not harmful to general public.,66,126.25,2
People already with respiratory problems / Lung diseases like asthma and old people should avoid outdoor exertion without proper mask. Not harmful to general public.,66,143.5,2
People already with respiratory problems / Lung diseases like asthma and old people should avoid outdoor exertion without proper mask. Not harmful to general public.,62,189.17,2
People already with respiratory problems / Lung diseases like asthma and old people should avoid outdoor exertion without proper mask. Not harmful to general public.,58.75,212.08,2
People already with respiratory problems / Lung diseases like asthma and old people should avoid outdoor exertion without proper mask. Not harmful to general public.,57.33,42,2
People already with respiratory problems / Lung diseases like asthma and old people should avoid outdoor exertion without proper mask. Not harmful to general public.,55,80.92,2
People already with respiratory problems / Lung diseases like asthma and old people should avoid outdoor exertion without proper mask. Not harmful to general public.,52,61,2
People already with respiratory problems / Lung diseases like asthma and old people should avoid outdoor exertion without proper mask. Not harmful to general public.,50,167.5,2
People already with respiratory problems / Lung diseases like asthma and old people should avoid outdoor exertion without proper mask. Not harmful to general public.,50,192.58,2
People already with respiratory problems / Lung diseases like asthma and old people should avoid outdoor exertion without proper mask. Not harmful to general public.,75,158.67,2
People already with respiratory problems / Lung diseases like asthma and old people should avoid outdoor exertion without proper mask. Not harmful to general public.,66,130.42,2
People already with respiratory problems / Lung diseases like asthma and old people should avoid outdoor exertion without proper mask. Not harmful to general public.,80,135.33,2
People already with respiratory problems / Lung diseases like asthma and old people should avoid outdoor exertion without proper mask. Not harmful to general public.,67,181.42,2
People already with respiratory problems / Lung diseases like asthma and old people should avoid outdoor exertion without proper mask. Not harmful to general public.,78,200,2
People already with respiratory problems / Lung diseases like asthma and old people should avoid outdoor exertion without proper mask. Not harmful to general public.,61,200.17,2
People already with respiratory problems / Lung diseases like asthma and old people should avoid outdoor exertion without proper mask. Not harmful to general public.,62,200.17,2
People already with respiratory problems / Lung diseases like asthma and old people should avoid outdoor exertion without proper mask. Not harmful to general public.,53,201.33,2
People already with respiratory problems / Lung diseases like asthma and old people should avoid outdoor exertion without proper mask. Not harmful to general public.,81,205.58,2
People already with respiratory problems / Lung diseases like asthma and old people should avoid outdoor exertion without proper mask. Not harmful to general public.,53,205.92,2
People already with respiratory problems / Lung diseases like asthma and old people should avoid outdoor exertion without proper mask. Not harmful to general public.,90,207.75,2
People already with respiratory problems / Lung diseases like asthma and old people should avoid outdoor exertion without proper mask. Not harmful to general public.,47,209.58,2
People already with respiratory problems / Lung diseases like asthma and old people should avoid outdoor exertion without proper mask. Not harmful to general public.,59,212.33,2
People already with respiratory problems / Lung diseases like asthma and old people should avoid outdoor exertion without proper mask. Not harmful to general public.,51,213,2
People already with respiratory problems / Lung diseases like asthma and old people should avoid outdoor exertion without proper mask. Not harmful to general public.,80,213.83,2
People already with respiratory problems / Lung diseases like asthma and old people should avoid outdoor exertion without proper mask. Not harmful to general public.,61,214.92,2
People already with respiratory problems / Lung diseases like asthma and old people should avoid outdoor exertion without proper mask. Not harmful to general public.,63,216.42,2
People already with respiratory problems / Lung diseases like asthma and old people should avoid outdoor exertion without proper mask. Not harmful to general public.,55,223.33,2
People already with respiratory problems / Lung diseases like asthma and old people should avoid outdoor exertion without proper mask. Not harmful to general public.,66,226.25,2
People already with respiratory problems / Lung diseases like asthma and old people should avoid outdoor exertion without proper mask. Not harmful to general public.,70,229,2
People already with respiratory problems / Lung diseases like asthma and old people should avoid outdoor exertion without proper mask. Not harmful to general public.,69,230.08,2
People already with respiratory problems / Lung diseases like asthma and old people should avoid outdoor exertion without proper mask. Not harmful to general public.,80,235.33,2
People already with respiratory problems / Lung diseases like asthma and old people should avoid outdoor exertion without proper mask. Not harmful to general public.,89,236.92,2
People already with respiratory problems / Lung diseases like asthma and old people should avoid outdoor exertion without proper mask. Not harmful to general public.,80,240.92,2
People already with respiratory problems / Lung diseases like asthma and old people should avoid outdoor exertion without proper mask. Not harmful to general public.,46,241.75,2
"Breathing discomfort to asthma patients,elderly,children. Minor cough and cold to general public if body is weak.",93,242.5,3
"Breathing discomfort to asthma patients,elderly,children. Minor cough and cold to general public if body is weak.",66,243.5,3
"Breathing discomfort to asthma patients,elderly,children. Minor cough and cold to general public if body is weak.",96,244.58,3
"Breathing discomfort to asthma patients,elderly,children. Minor cough and cold to general public if body is weak.",55,247.17,3
"Breathing discomfort to asthma patients,elderly,children. Minor cough and cold to general public if body is weak.",68.83,248.42,3
"Breathing discomfort to asthma patients,elderly,children. Minor cough and cold to general public if body is weak.",85,250.5,3
"Breathing discomfort to asthma patients,elderly,children. Minor cough and cold to general public if body is weak.",103.83,250.5,3
"Breathing discomfort to asthma patients,elderly,children. Minor cough and cold to general public if body is weak.",96,251.58,3
"Breathing discomfort to asthma patients,elderly,children. Minor cough and cold to general public if body is weak.",105.75,251.83,3
"Breathing discomfort to asthma patients,elderly,children. Minor cough and cold to general public if body is weak.",74,252,3
"Breathing discomfort to asthma patients,elderly,children. Minor cough and cold to general public if body is weak.",103,253.33,3
"Breathing discomfort to asthma patients,elderly,children. Minor cough and cold to general public if body is weak.",66.33,253.33,3
"Breathing discomfort to asthma patients,elderly,children. Minor cough and cold to general public if body is weak.",77,253.92,3
"Breathing discomfort to asthma patients,elderly,children. Minor cough and cold to general public if body is weak.",70,254.5,3
"Breathing discomfort to asthma patients,elderly,children. Minor cough and cold to general public if body is weak.",39,255.25,3
"Breathing discomfort to asthma patients,elderly,children. Minor cough and cold to general public if body is weak.",80,256.92,3
"Breathing discomfort to asthma patients,elderly,children. Minor cough and cold to general public if body is weak.",88,258,3
"Breathing discomfort to asthma patients,elderly,children. Minor cough and cold to general public if body is weak.",85,258.75,3
"Breathing discomfort to asthma patients,elderly,children. Minor cough and cold to general public if body is weak.",102,261,3
"Breathing discomfort to asthma patients,elderly,children. Minor cough and cold to general public if body is weak.",58,261,3
"Breathing discomfort to asthma patients,elderly,children. Minor cough and cold to general public if body is weak.",70,261.5,3
"Breathing discomfort to asthma patients,elderly,children. Minor cough and cold to general public if body is weak.",44,263.33,3
"Breathing discomfort to asthma patients,elderly,children. Minor cough and cold to general public if body is weak.",83.75,263.83,3
"Breathing discomfort to asthma patients,elderly,children. Minor cough and cold to general public if body is weak.",91,264.33,3
"Breathing discomfort to asthma patients,elderly,children. Minor cough and cold to general public if body is weak.",62,264.83,3
"Breathing discomfort to asthma patients,elderly,children. Minor cough and cold to general public if body is weak.",72.08,267.33,3
"Breathing discomfort to asthma patients,elderly,children. Minor cough and cold to general public if body is weak.",79,269,3
"Breathing discomfort to asthma patients,elderly,children. Minor cough and cold to general public if body is weak.",86,272,3
"Breathing discomfort to asthma patients,elderly,children. Minor cough and cold to general public if body is weak.",75.25,273.92,3
"Breathing discomfort to asthma patients,elderly,children. Minor cough and cold to general public if body is weak.",68,276.58,3
"Breathing discomfort to asthma patients,elderly,children. Minor cough and cold to general public if body is weak.",74,279.08,3
"Breathing discomfort to asthma patients,elderly,children. Minor cough and cold to general public if body is weak.",96,279.75,3
"Breathing discomfort to asthma patients,elderly,children. Minor cough and cold to general public if body is weak.",59,280.25,3
"Breathing discomfort to asthma patients,elderly,children. Minor cough and cold to general public if body is weak.",80,282.33,3
"Breathing discomfort to asthma patients,elderly,children. Minor cough and cold to general public if body is weak.",46,284,3
"Breathing discomfort to asthma patients,elderly,children. Minor cough and cold to general public if body is weak.",80,285.75,3
"Breathing discomfort to asthma patients,elderly,children. Minor cough and cold to general public if body is weak.",66,286.17,3
"Breathing discomfort to asthma patients,elderly,children. Minor cough and cold to general public if body is weak.",101,286.33,3
"Breathing discomfort to asthma patients,elderly,children. Minor cough and cold to general public if body is weak.",58,288.17,3
"Breathing discomfort to asthma patients,elderly,children. Minor cough and cold to general public if body is weak.",65,291.83,3
"Breathing discomfort to asthma patients,elderly,children. Minor cough and cold to general public if body is weak.",94,293,3
"Breathing discomfort to asthma patients,elderly,children. Minor cough and cold to general public if body is weak.",51,294.67,3
"Breathing discomfort to asthma patients,elderly,children. Minor cough and cold to general public if body is weak.",84,295.58,3
"Breathing discomfort to asthma patients,elderly,children. Minor cough and cold to general public if body is weak.",62,298.17,3
"Breathing discomfort to asthma patients,elderly,children. Minor cough and cold to general public if body is weak.",62,298.5,3
"Breathing discomfort to asthma patients,elderly,children. Minor cough and cold to general public if body is weak.",63,299.25,3
"Breathing discomfort to asthma patients,elderly,children. Minor cough and cold to general public if body is weak.",68.08,316.58,3
"Breathing discomfort to asthma patients,elderly,children. Minor cough and cold to general public if body is weak.",64,327,3
"Breathing discomfort to asthma patients,elderly,children. Minor cough and cold to general public if body is weak.",81,336.75,3
"Breathing discomfort to asthma patients,elderly,children. Minor cough and cold to general public if body is weak.",75.75,356.08,3
"Breathing discomfort to asthma patients,elderly,children. Minor cough and cold to general public if body is weak.",75,356.25,3
"Breathing discomfort to asthma patients,elderly,children. Minor cough and cold to general public if body is weak.",84.08,382.42,3
"Breathing discomfort to asthma patients,elderly,children. Minor cough and cold to general public if body is weak.",92,395.92,3
"Breathing discomfort to asthma patients,elderly,children. Minor cough and cold to general public if body is weak.",94,402.33,3
"Breathing discomfort to asthma patients,elderly,children. Minor cough and cold to general public if body is weak.",84.08,435.5,3
"Breathing discomfort to asthma patients,elderly,children. Minor cough and cold to general public if body is weak.",74.33,591,3
"Harmful for people suffering from lung diseases or respiratory problems and can accelerate the conditions. Prolonged exposure can cause cough, minor headaches, throat pain.",130,311.58,4
"Harmful for people suffering from lung diseases or respiratory problems and can accelerate the conditions. Prolonged exposure can cause cough, minor headaches, throat pain.",102,271.25,4
"Harmful for people suffering from lung diseases or respiratory problems and can accelerate the conditions. Prolonged exposure can cause cough, minor headaches, throat pain.",111,298.17,4
"Harmful for people suffering from lung diseases or respiratory problems and can accelerate the conditions. Prolonged exposure can cause cough, minor headaches, throat pain.",134,292.25,4
"Harmful for people suffering from lung diseases or respiratory problems and can accelerate the conditions. Prolonged exposure can cause cough, minor headaches, throat pain.",113,282.5,4
"Harmful for people suffering from lung diseases or respiratory problems and can accelerate the conditions. Prolonged exposure can cause cough, minor headaches, throat pain.",113,252.83,4
"Harmful for people suffering from lung diseases or respiratory problems and can accelerate the conditions. Prolonged exposure can cause cough, minor headaches, throat pain.",93,260.33,4
"Harmful for people suffering from lung diseases or respiratory problems and can accelerate the conditions. Prolonged exposure can cause cough, minor headaches, throat pain.",101,384.92,4
"Harmful for people suffering from lung diseases or respiratory problems and can accelerate the conditions. Prolonged exposure can cause cough, minor headaches, throat pain.",116,443.58,4
"Harmful for people suffering from lung diseases or respiratory problems and can accelerate the conditions. Prolonged exposure can cause cough, minor headaches, throat pain.",109.67,495.25,4
"Harmful for people suffering from lung diseases or respiratory problems and can accelerate the conditions. Prolonged exposure can cause cough, minor headaches, throat pain.",108,532.33,4
"Harmful for people suffering from lung diseases or respiratory problems and can accelerate the conditions. Prolonged exposure can cause cough, minor headaches, throat pain.",120.83,536,4
"Harmful for people suffering from lung diseases or respiratory problems and can accelerate the conditions. Prolonged exposure can cause cough, minor headaches, throat pain.",126.58,250,4
"Harmful for people suffering from lung diseases or respiratory problems and can accelerate the conditions. Prolonged exposure can cause cough, minor headaches, throat pain.",125.17,260,4
"Harmful for people suffering from lung diseases or respiratory problems and can accelerate the conditions. Prolonged exposure can cause cough, minor headaches, throat pain.",78.17,429,4
"Harmful for people suffering from lung diseases or respiratory problems and can accelerate the conditions. Prolonged exposure can cause cough, minor headaches, throat pain.",68.58,323.75,4
"Harmful for people suffering from lung diseases or respiratory problems and can accelerate the conditions. Prolonged exposure can cause cough, minor headaches, throat pain.",67.08,313.67,4
"Harmful for people suffering from lung diseases or respiratory problems and can accelerate the conditions. Prolonged exposure can cause cough, minor headaches, throat pain.",104.75,438.92,4
"Harmful for people suffering from lung diseases or respiratory problems and can accelerate the conditions. Prolonged exposure can cause cough, minor headaches, throat pain.",105,235,4
"Harmful for people suffering from lung diseases or respiratory problems and can accelerate the conditions. Prolonged exposure can cause cough, minor headaches, throat pain.",108,241.5,4
"Harmful for people suffering from lung diseases or respiratory problems and can accelerate the conditions. Prolonged exposure can cause cough, minor headaches, throat pain.",113,235.42,4
"Harmful for people suffering from lung diseases or respiratory problems and can accelerate the conditions. Prolonged exposure can cause cough, minor headaches, throat pain.",123,203.83,4
"Harmful for people suffering from lung diseases or respiratory problems and can accelerate the conditions. Prolonged exposure can cause cough, minor headaches, throat pain.",85,207.42,4
"Harmful for people suffering from lung diseases or respiratory problems and can accelerate the conditions. Prolonged exposure can cause cough, minor headaches, throat pain.",130,225.42,4
"Harmful for people suffering from lung diseases or respiratory problems and can accelerate the conditions. Prolonged exposure can cause cough, minor headaches, throat pain.",95,249,4
"Harmful for people suffering from lung diseases or respiratory problems and can accelerate the conditions. Prolonged exposure can cause cough, minor headaches, throat pain.",125,251.75,4
"Harmful for people suffering from lung diseases or respiratory problems and can accelerate the conditions. Prolonged exposure can cause cough, minor headaches, throat pain.",95,282,4
"Harmful for people suffering from lung diseases or respiratory problems and can accelerate the conditions. Prolonged exposure can cause cough, minor headaches, throat pain.",105,277.42,4
"Harmful for people suffering from lung diseases or respiratory problems and can accelerate the conditions. Prolonged exposure can cause cough, minor headaches, throat pain.",126,240.58,4
"Harmful for people suffering from lung diseases or respiratory problems and can accelerate the conditions. Prolonged exposure can cause cough, minor headaches, throat pain.",124,209.08,4
"Harmful for people suffering from lung diseases or respiratory problems and can accelerate the conditions. Prolonged exposure can cause cough, minor headaches, throat pain.",133,206.33,4
"Harmful for people suffering from lung diseases or respiratory problems and can accelerate the conditions. Prolonged exposure can cause cough, minor headaches, throat pain.",127,207.83,4
"Harmful for people suffering from lung diseases or respiratory problems and can accelerate the conditions. Prolonged exposure can cause cough, minor headaches, throat pain.",137,190.42,4
"Harmful for people suffering from lung diseases or respiratory problems and can accelerate the conditions. Prolonged exposure can cause cough, minor headaches, throat pain.",102,256.92,4
"Harmful for people suffering from lung diseases or respiratory problems and can accelerate the conditions. Prolonged exposure can cause cough, minor headaches, throat pain.",98,258,4
"Harmful for people suffering from lung diseases or respiratory problems and can accelerate the conditions. Prolonged exposure can cause cough, minor headaches, throat pain.",123,251.58,4
"Harmful for people suffering from lung diseases or respiratory problems and can accelerate the conditions. Prolonged exposure can cause cough, minor headaches, throat pain.",109,240.92,4
"Harmful for people suffering from lung diseases or respiratory problems and can accelerate the conditions. Prolonged exposure can cause cough, minor headaches, throat pain.",96,244.58,4
"Harmful for people suffering from lung diseases or respiratory problems and can accelerate the conditions. Prolonged exposure can cause cough, minor headaches, throat pain.",85,250.5,4
"Harmful for people suffering from lung diseases or respiratory problems and can accelerate the conditions. Prolonged exposure can cause cough, minor headaches, throat pain.",113,252.83,4
"Prolonged Exertion without suitable mask can cause respiratory problems and lung diseases to a healthy person such. Development of diseases like asthma, bronchitis etc. at lower level can take place.  Patients with respiratory diseases,children,pregnant women,newborn avoid exposure at all cost",140,202.08,5
"Prolonged Exertion without suitable mask can cause respiratory problems and lung diseases to a healthy person such. Development of diseases like asthma, bronchitis etc. at lower level can take place.  Patients with respiratory diseases,children,pregnant women,newborn avoid exposure at all cost",102.75,209.75,5
"Prolonged Exertion without suitable mask can cause respiratory problems and lung diseases to a healthy person such. Development of diseases like asthma, bronchitis etc. at lower level can take place.  Patients with respiratory diseases,children,pregnant women,newborn avoid exposure at all cost",180,212.42,5
"Prolonged Exertion without suitable mask can cause respiratory problems and lung diseases to a healthy person such. Development of diseases like asthma, bronchitis etc. at lower level can take place.  Patients with respiratory diseases,children,pregnant women,newborn avoid exposure at all cost",170,218.83,5
"Prolonged Exertion without suitable mask can cause respiratory problems and lung diseases to a healthy person such. Development of diseases like asthma, bronchitis etc. at lower level can take place.  Patients with respiratory diseases,children,pregnant women,newborn avoid exposure at all cost",177.08,230,5
"Prolonged Exertion without suitable mask can cause respiratory problems and lung diseases to a healthy person such. Development of diseases like asthma, bronchitis etc. at lower level can take place.  Patients with respiratory diseases,children,pregnant women,newborn avoid exposure at all cost",150.42,231,5
"Prolonged Exertion without suitable mask can cause respiratory problems and lung diseases to a healthy person such. Development of diseases like asthma, bronchitis etc. at lower level can take place.  Patients with respiratory diseases,children,pregnant women,newborn avoid exposure at all cost",110,233.42,5
"Prolonged Exertion without suitable mask can cause respiratory problems and lung diseases to a healthy person such. Development of diseases like asthma, bronchitis etc. at lower level can take place.  Patients with respiratory diseases,children,pregnant women,newborn avoid exposure at all cost",205.08,234,5
"Prolonged Exertion without suitable mask can cause respiratory problems and lung diseases to a healthy person such. Development of diseases like asthma, bronchitis etc. at lower level can take place.  Patients with respiratory diseases,children,pregnant women,newborn avoid exposure at all cost",185,236.75,5
"Prolonged Exertion without suitable mask can cause respiratory problems and lung diseases to a healthy person such. Development of diseases like asthma, bronchitis etc. at lower level can take place.  Patients with respiratory diseases,children,pregnant women,newborn avoid exposure at all cost",179,244,5
"Prolonged Exertion without suitable mask can cause respiratory problems and lung diseases to a healthy person such. Development of diseases like asthma, bronchitis etc. at lower level can take place.  Patients with respiratory diseases,children,pregnant women,newborn avoid exposure at all cost",198,249,5
"Prolonged Exertion without suitable mask can cause respiratory problems and lung diseases to a healthy person such. Development of diseases like asthma, bronchitis etc. at lower level can take place.  Patients with respiratory diseases,children,pregnant women,newborn avoid exposure at all cost",145.83,249,5
"Prolonged Exertion without suitable mask can cause respiratory problems and lung diseases to a healthy person such. Development of diseases like asthma, bronchitis etc. at lower level can take place.  Patients with respiratory diseases,children,pregnant women,newborn avoid exposure at all cost",139.67,250,5
"Prolonged Exertion without suitable mask can cause respiratory problems and lung diseases to a healthy person such. Development of diseases like asthma, bronchitis etc. at lower level can take place.  Patients with respiratory diseases,children,pregnant women,newborn avoid exposure at all cost",132.75,251.83,5
"Prolonged Exertion without suitable mask can cause respiratory problems and lung diseases to a healthy person such. Development of diseases like asthma, bronchitis etc. at lower level can take place.  Patients with respiratory diseases,children,pregnant women,newborn avoid exposure at all cost",210,257.25,5
"Prolonged Exertion without suitable mask can cause respiratory problems and lung diseases to a healthy person such. Development of diseases like asthma, bronchitis etc. at lower level can take place.  Patients with respiratory diseases,children,pregnant women,newborn avoid exposure at all cost",149,262.42,5
"Prolonged Exertion without suitable mask can cause respiratory problems and lung diseases to a healthy person such. Development of diseases like asthma, bronchitis etc. at lower level can take place.  Patients with respiratory diseases,children,pregnant women,newborn avoid exposure at all cost",145.58,268,5
"Prolonged Exertion without suitable mask can cause respiratory problems and lung diseases to a healthy person such. Development of diseases like asthma, bronchitis etc. at lower level can take place.  Patients with respiratory diseases,children,pregnant women,newborn avoid exposure at all cost",145.67,277,5
"Prolonged Exertion without suitable mask can cause respiratory problems and lung diseases to a healthy person such. Development of diseases like asthma, bronchitis etc. at lower level can take place.  Patients with respiratory diseases,children,pregnant women,newborn avoid exposure at all cost",107,283.67,5
"Prolonged Exertion without suitable mask can cause respiratory problems and lung diseases to a healthy person such. Development of diseases like asthma, bronchitis etc. at lower level can take place.  Patients with respiratory diseases,children,pregnant women,newborn avoid exposure at all cost",134,292.25,5
"Prolonged Exertion without suitable mask can cause respiratory problems and lung diseases to a healthy person such. Development of diseases like asthma, bronchitis etc. at lower level can take place.  Patients with respiratory diseases,children,pregnant women,newborn avoid exposure at all cost",180,295,5
"Prolonged Exertion without suitable mask can cause respiratory problems and lung diseases to a healthy person such. Development of diseases like asthma, bronchitis etc. at lower level can take place.  Patients with respiratory diseases,children,pregnant women,newborn avoid exposure at all cost",206,298.08,5
"Prolonged Exertion without suitable mask can cause respiratory problems and lung diseases to a healthy person such. Development of diseases like asthma, bronchitis etc. at lower level can take place.  Patients with respiratory diseases,children,pregnant women,newborn avoid exposure at all cost",151,299,5
"Prolonged Exertion without suitable mask can cause respiratory problems and lung diseases to a healthy person such. Development of diseases like asthma, bronchitis etc. at lower level can take place.  Patients with respiratory diseases,children,pregnant women,newborn avoid exposure at all cost",218,300.67,5
"Prolonged Exertion without suitable mask can cause respiratory problems and lung diseases to a healthy person such. Development of diseases like asthma, bronchitis etc. at lower level can take place.  Patients with respiratory diseases,children,pregnant women,newborn avoid exposure at all cost",146,311.75,5
"Prolonged Exertion without suitable mask can cause respiratory problems and lung diseases to a healthy person such. Development of diseases like asthma, bronchitis etc. at lower level can take place.  Patients with respiratory diseases,children,pregnant women,newborn avoid exposure at all cost",150,313.67,5
"Prolonged Exertion without suitable mask can cause respiratory problems and lung diseases to a healthy person such. Development of diseases like asthma, bronchitis etc. at lower level can take place.  Patients with respiratory diseases,children,pregnant women,newborn avoid exposure at all cost",108,322.17,5
"Prolonged Exertion without suitable mask can cause respiratory problems and lung diseases to a healthy person such. Development of diseases like asthma, bronchitis etc. at lower level can take place.  Patients with respiratory diseases,children,pregnant women,newborn avoid exposure at all cost",106,326.17,5
"Prolonged Exertion without suitable mask can cause respiratory problems and lung diseases to a healthy person such. Development of diseases like asthma, bronchitis etc. at lower level can take place.  Patients with respiratory diseases,children,pregnant women,newborn avoid exposure at all cost",90,327.42,5
"Prolonged Exertion without suitable mask can cause respiratory problems and lung diseases to a healthy person such. Development of diseases like asthma, bronchitis etc. at lower level can take place.  Patients with respiratory diseases,children,pregnant women,newborn avoid exposure at all cost",99,333.83,5
"Prolonged Exertion without suitable mask can cause respiratory problems and lung diseases to a healthy person such. Development of diseases like asthma, bronchitis etc. at lower level can take place.  Patients with respiratory diseases,children,pregnant women,newborn avoid exposure at all cost",119,340.67,5
"Prolonged Exertion without suitable mask can cause respiratory problems and lung diseases to a healthy person such. Development of diseases like asthma, bronchitis etc. at lower level can take place.  Patients with respiratory diseases,children,pregnant women,newborn avoid exposure at all cost",143.17,340.92,5
"Prolonged Exertion without suitable mask can cause respiratory problems and lung diseases to a healthy person such. Development of diseases like asthma, bronchitis etc. at lower level can take place.  Patients with respiratory diseases,children,pregnant women,newborn avoid exposure at all cost",187,341.08,5
"Prolonged Exertion without suitable mask can cause respiratory problems and lung diseases to a healthy person such. Development of diseases like asthma, bronchitis etc. at lower level can take place.  Patients with respiratory diseases,children,pregnant women,newborn avoid exposure at all cost",113,341.58,5
"Prolonged Exertion without suitable mask can cause respiratory problems and lung diseases to a healthy person such. Development of diseases like asthma, bronchitis etc. at lower level can take place.  Patients with respiratory diseases,children,pregnant women,newborn avoid exposure at all cost",169,344.5,5
"Prolonged Exertion without suitable mask can cause respiratory problems and lung diseases to a healthy person such. Development of diseases like asthma, bronchitis etc. at lower level can take place.  Patients with respiratory diseases,children,pregnant women,newborn avoid exposure at all cost",153,345.08,5
"Prolonged Exertion without suitable mask can cause respiratory problems and lung diseases to a healthy person such. Development of diseases like asthma, bronchitis etc. at lower level can take place.  Patients with respiratory diseases,children,pregnant women,newborn avoid exposure at all cost",143,352.92,5
"Prolonged Exertion without suitable mask can cause respiratory problems and lung diseases to a healthy person such. Development of diseases like asthma, bronchitis etc. at lower level can take place.  Patients with respiratory diseases,children,pregnant women,newborn avoid exposure at all cost",212.58,355,5
"Prolonged Exertion without suitable mask can cause respiratory problems and lung diseases to a healthy person such. Development of diseases like asthma, bronchitis etc. at lower level can take place.  Patients with respiratory diseases,children,pregnant women,newborn avoid exposure at all cost",193,356.42,5
"Prolonged Exertion without suitable mask can cause respiratory problems and lung diseases to a healthy person such. Development of diseases like asthma, bronchitis etc. at lower level can take place.  Patients with respiratory diseases,children,pregnant women,newborn avoid exposure at all cost",180,359.08,5
"Prolonged Exertion without suitable mask can cause respiratory problems and lung diseases to a healthy person such. Development of diseases like asthma, bronchitis etc. at lower level can take place.  Patients with respiratory diseases,children,pregnant women,newborn avoid exposure at all cost",172,361.5,5
"Prolonged Exertion without suitable mask can cause respiratory problems and lung diseases to a healthy person such. Development of diseases like asthma, bronchitis etc. at lower level can take place.  Patients with respiratory diseases,children,pregnant women,newborn avoid exposure at all cost",180,362.08,5
"Prolonged Exertion without suitable mask can cause respiratory problems and lung diseases to a healthy person such. Development of diseases like asthma, bronchitis etc. at lower level can take place.  Patients with respiratory diseases,children,pregnant women,newborn avoid exposure at all cost",102.5,364.58,5
"Prolonged Exertion without suitable mask can cause respiratory problems and lung diseases to a healthy person such. Development of diseases like asthma, bronchitis etc. at lower level can take place.  Patients with respiratory diseases,children,pregnant women,newborn avoid exposure at all cost",136,366,5
"Prolonged Exertion without suitable mask can cause respiratory problems and lung diseases to a healthy person such. Development of diseases like asthma, bronchitis etc. at lower level can take place.  Patients with respiratory diseases,children,pregnant women,newborn avoid exposure at all cost",185,367.83,5
"Prolonged Exertion without suitable mask can cause respiratory problems and lung diseases to a healthy person such. Development of diseases like asthma, bronchitis etc. at lower level can take place.  Patients with respiratory diseases,children,pregnant women,newborn avoid exposure at all cost",160,369.67,5
"Prolonged Exertion without suitable mask can cause respiratory problems and lung diseases to a healthy person such. Development of diseases like asthma, bronchitis etc. at lower level can take place.  Patients with respiratory diseases,children,pregnant women,newborn avoid exposure at all cost",159,370.33,5
"Prolonged Exertion without suitable mask can cause respiratory problems and lung diseases to a healthy person such. Development of diseases like asthma, bronchitis etc. at lower level can take place.  Patients with respiratory diseases,children,pregnant women,newborn avoid exposure at all cost",176,371.25,5
"Prolonged Exertion without suitable mask can cause respiratory problems and lung diseases to a healthy person such. Development of diseases like asthma, bronchitis etc. at lower level can take place.  Patients with respiratory diseases,children,pregnant women,newborn avoid exposure at all cost",202,373.17,5
"Prolonged Exertion without suitable mask can cause respiratory problems and lung diseases to a healthy person such. Development of diseases like asthma, bronchitis etc. at lower level can take place.  Patients with respiratory diseases,children,pregnant women,newborn avoid exposure at all cost",194,382.5,5
"Prolonged Exertion without suitable mask can cause respiratory problems and lung diseases to a healthy person such. Development of diseases like asthma, bronchitis etc. at lower level can take place.  Patients with respiratory diseases,children,pregnant women,newborn avoid exposure at all cost",199,385.67,5
"Prolonged Exertion without suitable mask can cause respiratory problems and lung diseases to a healthy person such. Development of diseases like asthma, bronchitis etc. at lower level can take place.  Patients with respiratory diseases,children,pregnant women,newborn avoid exposure at all cost",149,388.08,5
"Prolonged Exertion without suitable mask can cause respiratory problems and lung diseases to a healthy person such. Development of diseases like asthma, bronchitis etc. at lower level can take place.  Patients with respiratory diseases,children,pregnant women,newborn avoid exposure at all cost",134.83,389.83,5
"Prolonged Exertion without suitable mask can cause respiratory problems and lung diseases to a healthy person such. Development of diseases like asthma, bronchitis etc. at lower level can take place.  Patients with respiratory diseases,children,pregnant women,newborn avoid exposure at all cost",145.17,392.25,5
"Prolonged Exertion without suitable mask can cause respiratory problems and lung diseases to a healthy person such. Development of diseases like asthma, bronchitis etc. at lower level can take place.  Patients with respiratory diseases,children,pregnant women,newborn avoid exposure at all cost",160,393,5
"Prolonged Exertion without suitable mask can cause respiratory problems and lung diseases to a healthy person such. Development of diseases like asthma, bronchitis etc. at lower level can take place.  Patients with respiratory diseases,children,pregnant women,newborn avoid exposure at all cost",184.17,445.58,5
"Prolonged Exertion without suitable mask can cause respiratory problems and lung diseases to a healthy person such. Development of diseases like asthma, bronchitis etc. at lower level can take place.  Patients with respiratory diseases,children,pregnant women,newborn avoid exposure at all cost",145,457.58,5
"Prolonged Exertion without suitable mask can cause respiratory problems and lung diseases to a healthy person such. Development of diseases like asthma, bronchitis etc. at lower level can take place.  Patients with respiratory diseases,children,pregnant women,newborn avoid exposure at all cost",106.92,463,5
"Prolonged Exertion without suitable mask can cause respiratory problems and lung diseases to a healthy person such. Development of diseases like asthma, bronchitis etc. at lower level can take place.  Patients with respiratory diseases,children,pregnant women,newborn avoid exposure at all cost",157,463.42,5
"Prolonged Exertion without suitable mask can cause respiratory problems and lung diseases to a healthy person such. Development of diseases like asthma, bronchitis etc. at lower level can take place.  Patients with respiratory diseases,children,pregnant women,newborn avoid exposure at all cost",170,467.58,5
"Prolonged Exertion without suitable mask can cause respiratory problems and lung diseases to a healthy person such. Development of diseases like asthma, bronchitis etc. at lower level can take place.  Patients with respiratory diseases,children,pregnant women,newborn avoid exposure at all cost",160.75,487.08,5
"Prolonged Exertion without suitable mask can cause respiratory problems and lung diseases to a healthy person such. Development of diseases like asthma, bronchitis etc. at lower level can take place.  Patients with respiratory diseases,children,pregnant women,newborn avoid exposure at all cost",188.25,520.33,5
"Prolonged Exertion without suitable mask can cause respiratory problems and lung diseases to a healthy person such. Development of diseases like asthma, bronchitis etc. at lower level can take place.  Patients with respiratory diseases,children,pregnant women,newborn avoid exposure at all cost",214.25,527.42,5
"Prolonged Exertion without suitable mask can cause respiratory problems and lung diseases to a healthy person such. Development of diseases like asthma, bronchitis etc. at lower level can take place.  Patients with respiratory diseases,children,pregnant women,newborn avoid exposure at all cost",221,528.58,5
"Prolonged Exertion without suitable mask can cause respiratory problems and lung diseases to a healthy person such. Development of diseases like asthma, bronchitis etc. at lower level can take place.  Patients with respiratory diseases,children,pregnant women,newborn avoid exposure at all cost",195.08,552.17,5
"Prolonged Exertion without suitable mask can cause respiratory problems and lung diseases to a healthy person such. Development of diseases like asthma, bronchitis etc. at lower level can take place.  Patients with respiratory diseases,children,pregnant women,newborn avoid exposure at all cost",216,570.8,5
"Prolonged Exertion without suitable mask can cause respiratory problems and lung diseases to a healthy person such. Development of diseases like asthma, bronchitis etc. at lower level can take place.  Patients with respiratory diseases,children,pregnant women,newborn avoid exposure at all cost",205,572.42,5
"Prolonged Exertion without suitable mask can cause respiratory problems and lung diseases to a healthy person such. Development of diseases like asthma, bronchitis etc. at lower level can take place.  Patients with respiratory diseases,children,pregnant women,newborn avoid exposure at all cost",167.5,596.75,5
"Poor air quality, can cause Asthma, breathing discomforts, Pneumonia, ?Birth defects and immune system defects. Prolonged exposure can cause irritation in eyes, skin and throat pain. Cough and Throat infection would become usual day-to-day thing. Avoid taking newborn out. Install Air Purifier at Home.",256,709.75,6
"Poor air quality, can cause Asthma, breathing discomforts, Pneumonia, ?Birth defects and immune system defects. Prolonged exposure can cause irritation in eyes, skin and throat pain. Cough and Throat infection would become usual day-to-day thing. Avoid taking newborn out. Install Air Purifier at Home.",345,769.67,6
"Poor air quality, can cause Asthma, breathing discomforts, Pneumonia, ?Birth defects and immune system defects. Prolonged exposure can cause irritation in eyes, skin and throat pain. Cough and Throat infection would become usual day-to-day thing. Avoid taking newborn out. Install Air Purifier at Home.",312,891,6
"Poor air quality, can cause Asthma, breathing discomforts, Pneumonia, ?Birth defects and immune system defects. Prolonged exposure can cause irritation in eyes, skin and throat pain. Cough and Throat infection would become usual day-to-day thing. Avoid taking newborn out. Install Air Purifier at Home.",356,884,6
"Poor air quality, can cause Asthma, breathing discomforts, Pneumonia, ?Birth defects and immune system defects. Prolonged exposure can cause irritation in eyes, skin and throat pain. Cough and Throat infection would become usual day-to-day thing. Avoid taking newborn out. Install Air Purifier at Home.",296,968,6
"Poor air quality, can cause Asthma, breathing discomforts, Pneumonia, ?Birth defects and immune system defects. Prolonged exposure can cause irritation in eyes, skin and throat pain. Cough and Throat infection would become usual day-to-day thing. Avoid taking newborn out. Install Air Purifier at Home.",248,809.75,6
"Poor air quality, can cause Asthma, breathing discomforts, Pneumonia, ?Birth defects and immune system defects. Prolonged exposure can cause irritation in eyes, skin and throat pain. Cough and Throat infection would become usual day-to-day thing. Avoid taking newborn out. Install Air Purifier at Home.",235,598.75,6
"Poor air quality, can cause Asthma, breathing discomforts, Pneumonia, ?Birth defects and immune system defects. Prolonged exposure can cause irritation in eyes, skin and throat pain. Cough and Throat infection would become usual day-to-day thing. Avoid taking newborn out. Install Air Purifier at Home.",267,887.33,6
"Poor air quality, can cause Asthma, breathing discomforts, Pneumonia, ?Birth defects and immune system defects. Prolonged exposure can cause irritation in eyes, skin and throat pain. Cough and Throat infection would become usual day-to-day thing. Avoid taking newborn out. Install Air Purifier at Home.",294,678.42,6
"Poor air quality, can cause Asthma, breathing discomforts, Pneumonia, ?Birth defects and immune system defects. Prolonged exposure can cause irritation in eyes, skin and throat pain. Cough and Throat infection would become usual day-to-day thing. Avoid taking newborn out. Install Air Purifier at Home.",275,562.75,6
"Poor air quality, can cause Asthma, breathing discomforts, Pneumonia, ?Birth defects and immune system defects. Prolonged exposure can cause irritation in eyes, skin and throat pain. Cough and Throat infection would become usual day-to-day thing. Avoid taking newborn out. Install Air Purifier at Home.",218,494.58,6
"Poor air quality, can cause Asthma, breathing discomforts, Pneumonia, ?Birth defects and immune system defects. Prolonged exposure can cause irritation in eyes, skin and throat pain. Cough and Throat infection would become usual day-to-day thing. Avoid taking newborn out. Install Air Purifier at Home.",205,769.42,6
"Poor air quality, can cause Asthma, breathing discomforts, Pneumonia, ?Birth defects and immune system defects. Prolonged exposure can cause irritation in eyes, skin and throat pain. Cough and Throat infection would become usual day-to-day thing. Avoid taking newborn out. Install Air Purifier at Home.",256,511.58,6
"Poor air quality, can cause Asthma, breathing discomforts, Pneumonia, ?Birth defects and immune system defects. Prolonged exposure can cause irritation in eyes, skin and throat pain. Cough and Throat infection would become usual day-to-day thing. Avoid taking newborn out. Install Air Purifier at Home.",278,637.25,6
"Poor air quality, can cause Asthma, breathing discomforts, Pneumonia, ?Birth defects and immune system defects. Prolonged exposure can cause irritation in eyes, skin and throat pain. Cough and Throat infection would become usual day-to-day thing. Avoid taking newborn out. Install Air Purifier at Home.",231,565.08,6
"Poor air quality, can cause Asthma, breathing discomforts, Pneumonia, ?Birth defects and immune system defects. Prolonged exposure can cause irritation in eyes, skin and throat pain. Cough and Throat infection would become usual day-to-day thing. Avoid taking newborn out. Install Air Purifier at Home.",244,596.83,6
"Poor air quality, can cause Asthma, breathing discomforts, Pneumonia, ?Birth defects and immune system defects. Prolonged exposure can cause irritation in eyes, skin and throat pain. Cough and Throat infection would become usual day-to-day thing. Avoid taking newborn out. Install Air Purifier at Home.",271,729.58,6
"Poor air quality, can cause Asthma, breathing discomforts, Pneumonia, ?Birth defects and immune system defects. Prolonged exposure can cause irritation in eyes, skin and throat pain. Cough and Throat infection would become usual day-to-day thing. Avoid taking newborn out. Install Air Purifier at Home.",267,713.25,6
"Poor air quality, can cause Asthma, breathing discomforts, Pneumonia, ?Birth defects and immune system defects. Prolonged exposure can cause irritation in eyes, skin and throat pain. Cough and Throat infection would become usual day-to-day thing. Avoid taking newborn out. Install Air Purifier at Home.",288,534.58,6
"Poor air quality, can cause Asthma, breathing discomforts, Pneumonia, ?Birth defects and immune system defects. Prolonged exposure can cause irritation in eyes, skin and throat pain. Cough and Throat infection would become usual day-to-day thing. Avoid taking newborn out. Install Air Purifier at Home.",343,647.42,6
"Poor air quality, can cause Asthma, breathing discomforts, Pneumonia, ?Birth defects and immune system defects. Prolonged exposure can cause irritation in eyes, skin and throat pain. Cough and Throat infection would become usual day-to-day thing. Avoid taking newborn out. Install Air Purifier at Home.",332,770.08,6
"Poor air quality, can cause Asthma, breathing discomforts, Pneumonia, ?Birth defects and immune system defects. Prolonged exposure can cause irritation in eyes, skin and throat pain. Cough and Throat infection would become usual day-to-day thing. Avoid taking newborn out. Install Air Purifier at Home.",307,588.5,6
"Poor air quality, can cause Asthma, breathing discomforts, Pneumonia, ?Birth defects and immune system defects. Prolonged exposure can cause irritation in eyes, skin and throat pain. Cough and Throat infection would become usual day-to-day thing. Avoid taking newborn out. Install Air Purifier at Home.",317,243.08,6
"Poor air quality, can cause Asthma, breathing discomforts, Pneumonia, ?Birth defects and immune system defects. Prolonged exposure can cause irritation in eyes, skin and throat pain. Cough and Throat infection would become usual day-to-day thing. Avoid taking newborn out. Install Air Purifier at Home.",319,781.33,6
"Poor air quality, can cause Asthma, breathing discomforts, Pneumonia, ?Birth defects and immune system defects. Prolonged exposure can cause irritation in eyes, skin and throat pain. Cough and Throat infection would become usual day-to-day thing. Avoid taking newborn out. Install Air Purifier at Home.",344,702,6
"Poor air quality, can cause Asthma, breathing discomforts, Pneumonia, ?Birth defects and immune system defects. Prolonged exposure can cause irritation in eyes, skin and throat pain. Cough and Throat infection would become usual day-to-day thing. Avoid taking newborn out. Install Air Purifier at Home.",228,397.17,6
"Poor air quality, can cause Asthma, breathing discomforts, Pneumonia, ?Birth defects and immune system defects. Prolonged exposure can cause irritation in eyes, skin and throat pain. Cough and Throat infection would become usual day-to-day thing. Avoid taking newborn out. Install Air Purifier at Home.",229,661,6
"Poor air quality, can cause Asthma, breathing discomforts, Pneumonia, ?Birth defects and immune system defects. Prolonged exposure can cause irritation in eyes, skin and throat pain. Cough and Throat infection would become usual day-to-day thing. Avoid taking newborn out. Install Air Purifier at Home.",286,507,6
"Poor air quality, can cause Asthma, breathing discomforts, Pneumonia, ?Birth defects and immune system defects. Prolonged exposure can cause irritation in eyes, skin and throat pain. Cough and Throat infection would become usual day-to-day thing. Avoid taking newborn out. Install Air Purifier at Home.",294,614.92,6
"Poor air quality, can cause Asthma, breathing discomforts, Pneumonia, ?Birth defects and immune system defects. Prolonged exposure can cause irritation in eyes, skin and throat pain. Cough and Throat infection would become usual day-to-day thing. Avoid taking newborn out. Install Air Purifier at Home.",291,563.2,6
"Poor air quality, can cause Asthma, breathing discomforts, Pneumonia, ?Birth defects and immune system defects. Prolonged exposure can cause irritation in eyes, skin and throat pain. Cough and Throat infection would become usual day-to-day thing. Avoid taking newborn out. Install Air Purifier at Home.",293,605.92,6
"Poor air quality, can cause Asthma, breathing discomforts, Pneumonia, ?Birth defects and immune system defects. Prolonged exposure can cause irritation in eyes, skin and throat pain. Cough and Throat infection would become usual day-to-day thing. Avoid taking newborn out. Install Air Purifier at Home.",222,476,6
"Poor air quality, can cause Asthma, breathing discomforts, Pneumonia, ?Birth defects and immune system defects. Prolonged exposure can cause irritation in eyes, skin and throat pain. Cough and Throat infection would become usual day-to-day thing. Avoid taking newborn out. Install Air Purifier at Home.",333,429.8,6
"Poor air quality, can cause Asthma, breathing discomforts, Pneumonia, ?Birth defects and immune system defects. Prolonged exposure can cause irritation in eyes, skin and throat pain. Cough and Throat infection would become usual day-to-day thing. Avoid taking newborn out. Install Air Purifier at Home.",304,811.58,6
"Poor air quality, can cause Asthma, breathing discomforts, Pneumonia, ?Birth defects and immune system defects. Prolonged exposure can cause irritation in eyes, skin and throat pain. Cough and Throat infection would become usual day-to-day thing. Avoid taking newborn out. Install Air Purifier at Home.",308,517.92,6
"Poor air quality, can cause Asthma, breathing discomforts, Pneumonia, ?Birth defects and immune system defects. Prolonged exposure can cause irritation in eyes, skin and throat pain. Cough and Throat infection would become usual day-to-day thing. Avoid taking newborn out. Install Air Purifier at Home.",311,435.33,6
"Poor air quality, can cause Asthma, breathing discomforts, Pneumonia, ?Birth defects and immune system defects. Prolonged exposure can cause irritation in eyes, skin and throat pain. Cough and Throat infection would become usual day-to-day thing. Avoid taking newborn out. Install Air Purifier at Home.",361,544,6
"Poor air quality, can cause Asthma, breathing discomforts, Pneumonia, ?Birth defects and immune system defects. Prolonged exposure can cause irritation in eyes, skin and throat pain. Cough and Throat infection would become usual day-to-day thing. Avoid taking newborn out. Install Air Purifier at Home.",338,610.75,6
"Poor air quality, can cause Asthma, breathing discomforts, Pneumonia, ?Birth defects and immune system defects. Prolonged exposure can cause irritation in eyes, skin and throat pain. Cough and Throat infection would become usual day-to-day thing. Avoid taking newborn out. Install Air Purifier at Home.",300,584.1,6
"Poor air quality, can cause Asthma, breathing discomforts, Pneumonia, ?Birth defects and immune system defects. Prolonged exposure can cause irritation in eyes, skin and throat pain. Cough and Throat infection would become usual day-to-day thing. Avoid taking newborn out. Install Air Purifier at Home.",301,597,6
"Poor air quality, can cause Asthma, breathing discomforts, Pneumonia, ?Birth defects and immune system defects. Prolonged exposure can cause irritation in eyes, skin and throat pain. Cough and Throat infection would become usual day-to-day thing. Avoid taking newborn out. Install Air Purifier at Home.",244,608.25,6
"Poor air quality, can cause Asthma, breathing discomforts, Pneumonia, ?Birth defects and immune system defects. Prolonged exposure can cause irritation in eyes, skin and throat pain. Cough and Throat infection would become usual day-to-day thing. Avoid taking newborn out. Install Air Purifier at Home.",277,564,6
"Poor air quality, can cause Asthma, breathing discomforts, Pneumonia, ?Birth defects and immune system defects. Prolonged exposure can cause irritation in eyes, skin and throat pain. Cough and Throat infection would become usual day-to-day thing. Avoid taking newborn out. Install Air Purifier at Home.",255,655.42,6
"Poor air quality, can cause Asthma, breathing discomforts, Pneumonia, ?Birth defects and immune system defects. Prolonged exposure can cause irritation in eyes, skin and throat pain. Cough and Throat infection would become usual day-to-day thing. Avoid taking newborn out. Install Air Purifier at Home.",322,668.5,6
"Very Poor air quality. People with heart, lung  diseases, older adults, children, pregnant women, newborns should remain indoors and keep activity levels low. Everyone else avoid significant activity outdoors and take precautionary measures such as suitable masks, Installing air purifiers at home and work places. Prolonged exposure can develop lower stages of cancer, Chronic Obstructive Pulmonary Disease (COPD), Emphysema etc. Irritation in eyes and skin would be the ordinary.",351,876.17,7
"Very Poor air quality. People with heart, lung  diseases, older adults, children, pregnant women, newborns should remain indoors and keep activity levels low. Everyone else avoid significant activity outdoors and take precautionary measures such as suitable masks, Installing air purifiers at home and work places. Prolonged exposure can develop lower stages of cancer, Chronic Obstructive Pulmonary Disease (COPD), Emphysema etc. Irritation in eyes and skin would be the ordinary.",358,917.67,7
"Very Poor air quality. People with heart, lung  diseases, older adults, children, pregnant women, newborns should remain indoors and keep activity levels low. Everyone else avoid significant activity outdoors and take precautionary measures such as suitable masks, Installing air purifiers at home and work places. Prolonged exposure can develop lower stages of cancer, Chronic Obstructive Pulmonary Disease (COPD), Emphysema etc. Irritation in eyes and skin would be the ordinary.",340,799.33,7
"Very Poor air quality. People with heart, lung  diseases, older adults, children, pregnant women, newborns should remain indoors and keep activity levels low. Everyone else avoid significant activity outdoors and take precautionary measures such as suitable masks, Installing air purifiers at home and work places. Prolonged exposure can develop lower stages of cancer, Chronic Obstructive Pulmonary Disease (COPD), Emphysema etc. Irritation in eyes and skin would be the ordinary.",380,868.08,7
"Very Poor air quality. People with heart, lung  diseases, older adults, children, pregnant women, newborns should remain indoors and keep activity levels low. Everyone else avoid significant activity outdoors and take precautionary measures such as suitable masks, Installing air purifiers at home and work places. Prolonged exposure can develop lower stages of cancer, Chronic Obstructive Pulmonary Disease (COPD), Emphysema etc. Irritation in eyes and skin would be the ordinary.",392,867.83,7
"Very Poor air quality. People with heart, lung  diseases, older adults, children, pregnant women, newborns should remain indoors and keep activity levels low. Everyone else avoid significant activity outdoors and take precautionary measures such as suitable masks, Installing air purifiers at home and work places. Prolonged exposure can develop lower stages of cancer, Chronic Obstructive Pulmonary Disease (COPD), Emphysema etc. Irritation in eyes and skin would be the ordinary.",399,772.4,7
"Very Poor air quality. People with heart, lung  diseases, older adults, children, pregnant women, newborns should remain indoors and keep activity levels low. Everyone else avoid significant activity outdoors and take precautionary measures such as suitable masks, Installing air purifiers at home and work places. Prolonged exposure can develop lower stages of cancer, Chronic Obstructive Pulmonary Disease (COPD), Emphysema etc. Irritation in eyes and skin would be the ordinary.",401,697,7
"Hazardous air quality. Acute Lung and Respiratory diseases can occur to anyone. Oxygen tanks for people with lung diseases, respiratory problems, children, pregnant women and newborns is a must and avoid exposure at all cost. Initial stages of cancer can definitely develop such as leukamia. Asthma, Chronic bronchitis, Emphysema can/will definitely happen on prolonged exposure. Shift to another place if possible.",620.83,356,8
"Hazardous air quality. Acute Lung and Respiratory diseases can occur to anyone. Oxygen tanks for people with lung diseases, respiratory problems, children, pregnant women and newborns is a must and avoid exposure at all cost. Initial stages of cancer can definitely develop such as leukamia. Asthma, Chronic bronchitis, Emphysema can/will definitely happen on prolonged exposure. Shift to another place if possible.",670.92,810,8
"Very Poor air quality. People with heart, lung  diseases, older adults, children, pregnant women, newborns should remain indoors and keep activity levels low. Everyone else avoid significant activity outdoors and take precautionary measures such as suitable masks, Installing air purifiers at home and work places. Prolonged exposure can develop lower stages of cancer, Chronic Obstructive Pulmonary Disease (COPD), Emphysema etc. Irritation in eyes and skin would be the ordinary.",363,650,7
"Very Poor air quality. People with heart, lung  diseases, older adults, children, pregnant women, newborns should remain indoors and keep activity levels low. Everyone else avoid significant activity outdoors and take precautionary measures such as suitable masks, Installing air purifiers at home and work places. Prolonged exposure can develop lower stages of cancer, Chronic Obstructive Pulmonary Disease (COPD), Emphysema etc. Irritation in eyes and skin would be the ordinary.",379,802,7
"Very Poor air quality. People with heart, lung  diseases, older adults, children, pregnant women, newborns should remain indoors and keep activity levels low. Everyone else avoid significant activity outdoors and take precautionary measures such as suitable masks, Installing air purifiers at home and work places. Prolonged exposure can develop lower stages of cancer, Chronic Obstructive Pulmonary Disease (COPD), Emphysema etc. Irritation in eyes and skin would be the ordinary.",405,788,7
"Very Poor air quality. People with heart, lung  diseases, older adults, children, pregnant women, newborns should remain indoors and keep activity levels low. Everyone else avoid significant activity outdoors and take precautionary measures such as suitable masks, Installing air purifiers at home and work places. Prolonged exposure can develop lower stages of cancer, Chronic Obstructive Pulmonary Disease (COPD), Emphysema etc. Irritation in eyes and skin would be the ordinary.",409,655,7
"Very Poor air quality. People with heart, lung  diseases, older adults, children, pregnant women, newborns should remain indoors and keep activity levels low. Everyone else avoid significant activity outdoors and take precautionary measures such as suitable masks, Installing air purifiers at home and work places. Prolonged exposure can develop lower stages of cancer, Chronic Obstructive Pulmonary Disease (COPD), Emphysema etc. Irritation in eyes and skin would be the ordinary.",411,788,7
"Very Poor air quality. People with heart, lung  diseases, older adults, children, pregnant women, newborns should remain indoors and keep activity levels low. Everyone else avoid significant activity outdoors and take precautionary measures such as suitable masks, Installing air purifiers at home and work places. Prolonged exposure can develop lower stages of cancer, Chronic Obstructive Pulmonary Disease (COPD), Emphysema etc. Irritation in eyes and skin would be the ordinary.",393,832,7
"Very Poor air quality. People with heart, lung  diseases, older adults, children, pregnant women, newborns should remain indoors and keep activity levels low. Everyone else avoid significant activity outdoors and take precautionary measures such as suitable masks, Installing air purifiers at home and work places. Prolonged exposure can develop lower stages of cancer, Chronic Obstructive Pulmonary Disease (COPD), Emphysema etc. Irritation in eyes and skin would be the ordinary.",361,864,7
"Very Poor air quality. People with heart, lung  diseases, older adults, children, pregnant women, newborns should remain indoors and keep activity levels low. Everyone else avoid significant activity outdoors and take precautionary measures such as suitable masks, Installing air purifiers at home and work places. Prolonged exposure can develop lower stages of cancer, Chronic Obstructive Pulmonary Disease (COPD), Emphysema etc. Irritation in eyes and skin would be the ordinary.",311,779,7
"Very Poor air quality. People with heart, lung  diseases, older adults, children, pregnant women, newborns should remain indoors and keep activity levels low. Everyone else avoid significant activity outdoors and take precautionary measures such as suitable masks, Installing air purifiers at home and work places. Prolonged exposure can develop lower stages of cancer, Chronic Obstructive Pulmonary Disease (COPD), Emphysema etc. Irritation in eyes and skin would be the ordinary.",372,682,7
"Very Poor air quality. People with heart, lung  diseases, older adults, children, pregnant women, newborns should remain indoors and keep activity levels low. Everyone else avoid significant activity outdoors and take precautionary measures such as suitable masks, Installing air purifiers at home and work places. Prolonged exposure can develop lower stages of cancer, Chronic Obstructive Pulmonary Disease (COPD), Emphysema etc. Irritation in eyes and skin would be the ordinary.",385,701,7
"Hazardous air quality. Acute Lung and Respiratory diseases can occur to anyone. Oxygen tanks for people with lung diseases, respiratory problems, children, pregnant women and newborns is a must and avoid exposure at all cost. Initial stages of cancer can definitely develop such as leukamia. Asthma, Chronic bronchitis, Emphysema can/will definitely happen on prolonged exposure. Shift to another place if possible.",550,780,8
"Hazardous air quality. Acute Lung and Respiratory diseases can occur to anyone. Oxygen tanks for people with lung diseases, respiratory problems, children, pregnant women and newborns is a must and avoid exposure at all cost. Initial stages of cancer can definitely develop such as leukamia. Asthma, Chronic bronchitis, Emphysema can/will definitely happen on prolonged exposure. Shift to another place if possible.",590,799,8
"Hazardous air quality. Acute Lung and Respiratory diseases can occur to anyone. Oxygen tanks for people with lung diseases, respiratory problems, children, pregnant women and newborns is a must and avoid exposure at all cost. Initial stages of cancer can definitely develop such as leukamia. Asthma, Chronic bronchitis, Emphysema can/will definitely happen on prolonged exposure. Shift to another place if possible.",601,764,8
"Hazardous air quality. Acute Lung and Respiratory diseases can occur to anyone. Oxygen tanks for people with lung diseases, respiratory problems, children, pregnant women and newborns is a must and avoid exposure at all cost. Initial stages of cancer can definitely develop such as leukamia. Asthma, Chronic bronchitis, Emphysema can/will definitely happen on prolonged exposure. Shift to another place if possible.",613,812,8
"Hazardous air quality. Acute Lung and Respiratory diseases can occur to anyone. Oxygen tanks for people with lung diseases, respiratory problems, children, pregnant women and newborns is a must and avoid exposure at all cost. Initial stages of cancer can definitely develop such as leukamia. Asthma, Chronic bronchitis, Emphysema can/will definitely happen on prolonged exposure. Shift to another place if possible.",597,855,8
"Hazardous air quality. Acute Lung and Respiratory diseases can occur to anyone. Oxygen tanks for people with lung diseases, respiratory problems, children, pregnant women and newborns is a must and avoid exposure at all cost. Initial stages of cancer can definitely develop such as leukamia. Asthma, Chronic bronchitis, Emphysema can/will definitely happen on prolonged exposure. Shift to another place if possible.",591,899,8
"Hazardous air quality. Acute Lung and Respiratory diseases can occur to anyone. Oxygen tanks for people with lung diseases, respiratory problems, children, pregnant women and newborns is a must and avoid exposure at all cost. Initial stages of cancer can definitely develop such as leukamia. Asthma, Chronic bronchitis, Emphysema can/will definitely happen on prolonged exposure. Shift to another place if possible.",588,950,8
"Hazardous air quality. Acute Lung and Respiratory diseases can occur to anyone. Oxygen tanks for people with lung diseases, respiratory problems, children, pregnant women and newborns is a must and avoid exposure at all cost. Initial stages of cancer can definitely develop such as leukamia. Asthma, Chronic bronchitis, Emphysema can/will definitely happen on prolonged exposure. Shift to another place if possible.",630,450,8
"Hazardous air quality. Acute Lung and Respiratory diseases can occur to anyone. Oxygen tanks for people with lung diseases, respiratory problems, children, pregnant women and newborns is a must and avoid exposure at all cost. Initial stages of cancer can definitely develop such as leukamia. Asthma, Chronic bronchitis, Emphysema can/will definitely happen on prolonged exposure. Shift to another place if possible.",566,788,8
"Hazardous air quality. Acute Lung and Respiratory diseases can occur to anyone. Oxygen tanks for people with lung diseases, respiratory problems, children, pregnant women and newborns is a must and avoid exposure at all cost. Initial stages of cancer can definitely develop such as leukamia. Asthma, Chronic bronchitis, Emphysema can/will definitely happen on prolonged exposure. Shift to another place if possible.",578,746,8
"Hazardous air quality. Acute Lung and Respiratory diseases can occur to anyone. Oxygen tanks for people with lung diseases, respiratory problems, children, pregnant women and newborns is a must and avoid exposure at all cost. Initial stages of cancer can definitely develop such as leukamia. Asthma, Chronic bronchitis, Emphysema can/will definitely happen on prolonged exposure. Shift to another place if possible.",594,712,8
"Hazardous air quality. Acute Lung and Respiratory diseases can occur to anyone. Oxygen tanks for people with lung diseases, respiratory problems, children, pregnant women and newborns is a must and avoid exposure at all cost. Initial stages of cancer can definitely develop such as leukamia. Asthma, Chronic bronchitis, Emphysema can/will definitely happen on prolonged exposure. Shift to another place if possible.",577,807,8
